Administrative,Administrative_Duration,Informational,Informational_Duration,ProductRelated,ProductRelated_Duration,BounceRates,ExitRates,PageValues,SpecialDay,OperatingSystems,Browser,Region,TrafficType,Weekend,Month_Total,VisitorType_Total,Revenue,Dataset
0.9812029458422872,0.12278804088754908,-0.39647790101721353,-0.24493050612963665,-0.027505023358181252,-0.10010710066332529,-0.45768299649364935,-0.776653345875918,5.7833086013755,-0.3088213656157659,6.44801021708338,6.197798672108535,2.4370813423954845,3.9578609076357236,-0.5505516919455627,-0.019835984983158472,3.056009352148242,True,Train
1.109338552931496,0.9740312334580229,-0.39647790101721353,-0.24493050612963665,-0.24129919552194085,-0.2656503078387515,-0.378358535808632,-0.6357358623112632,-0.31717784430961626,-0.3088213656157659,-1.2334263653856892,-0.7902928907952793,-0.06136353531771945,-0.265735353727688,-0.5505516919455627,-0.03141403490580411,-0.023927424311730765,False,Train
-0.6969929641233985,-0.4571914023726529,-0.39647790101721353,-0.24493050612963665,-0.66851798144781,-0.6104992144629457,-0.45768299649364935,0.14255095281308014,-0.31717784430961626,-0.3088213656157659,0.9612698010340449,-0.20795192721996142,-0.8941784945554541,-0.7626290315351482,1.8163598707074318,-0.019835984983158472,-0.023927424311730765,False,Train
0.02164937306637682,-0.21637515069787783,-0.39647790101721353,-0.24493050612963665,-0.33196638320508454,-0.4810581559514142,-0.25254986232630355,-0.0040464370956040385,0.033778097968910514,-0.3088213656157659,-0.1360782821758221,4.450775781382581,0.6102692960742749,-0.5141821926314181,1.8163598707074318,0.13276814480211138,-0.023927424311730765,True,Train
-0.6969929641233985,-0.4571914023726529,-0.39647790101721353,-0.24493050612963665,-0.10638799996640319,-0.4048649596415782,-0.45768299649364935,-0.7280749655064747,-0.31717784430961626,-0.3088213656157659,-0.1360782821758221,-0.20795192721996142,2.4370813423954845,-0.7626290315351482,1.8163598707074318,-0.08346529172518835,-0.023927424311730765,False,Train
1.7175545539447743,0.747487871036089,1.1462602949760001,0.07179615057909582,-0.033004312209847904,0.437184816329934,-0.45768299649364935,-0.861225676099201,0.8752754627929186,-0.3088213656157659,-1.2334263653856892,-0.7784828326779583,1.1878589035388825,-0.5141821926314181,-0.5505516919455627,-0.02112640736041071,-0.004708657817794344,True,Train
-0.09488245843843363,-0.12908502736008692,-0.39647790101721353,-0.24493050612963665,-0.578577184410785,-0.49631602595349517,-0.45768299649364935,-0.29841541578842107,2.6438807961362647,4.71859801389624,-0.1360782821758221,-0.20795192721996142,-0.06136353531771945,-0.265735353727688,1.8163598707074318,-0.08346529172518835,-0.023927424311730765,True,Train
3.0628497043951692,2.001067017326237,2.0460165155483105,0.3227958135366894,0.14274761343154532,-0.08226712720548425,-0.380532778013221,-0.6896979916997683,1.6876974099469795,-0.3088213656157659,-1.2334263653856892,-0.7307635684776146,-0.8941784945554541,-0.5594508541168638,1.8163598707074318,-0.03141403490580411,-0.023927424311730765,True,Train
0.8082833000890136,0.08206273897343075,-0.39647790101721353,-0.24493050612963665,-0.3762103910774785,-0.2357240350739278,-0.25143940696234773,-0.2690176661130267,0.7291616131739528,-0.3088213656157659,-0.1360782821758221,-0.20795192721996142,-0.8941784945554541,-0.5141821926314181,-0.5505516919455627,-0.08346529172518835,-0.023927424311730765,True,Train
1.4103938057739784,1.3412517673814202,2.7528682220571903,1.2938015367312692,0.073493594107647,-0.14875967006363638,-0.45768299649364935,-0.6805862850391334,1.8791365493711731,-0.3088213656157659,-0.1360782821758221,0.9567299999306743,-0.06136353531771945,0.23115832407977221,-0.5505516919455627,0.22644050227865944,-0.004310827048128314,False,Train
-0.6969929641233985,-0.4571914023726529,-0.39647790101721353,-0.24493050612963665,-0.6010623836700413,-0.5400383452933737,-0.45768299649364935,0.14255095281308014,-0.31717784430961626,-0.3088213656157659,-1.2334263653856892,-0.7902928907952793,-0.8941784945554541,-0.265735353727688,-0.5505516919455627,-0.03141403490580411,-0.023927424311730765,False,Train
1.109338552931496,0.04062516661192995,-0.39647790101721353,-0.24493050612963665,-0.3312399925589659,-0.3426956537827815,-0.45768299649364935,-0.43508920507512633,-0.31717784430961626,-0.3088213656157659,-0.1360782821758221,-0.20795192721996142,0.7714514239200152,-0.01728851482395788,-0.5505516919455627,-0.08346529172518835,-0.023927424311730765,False,Train
1.128167378000369,-0.10198597789328974,-0.39647790101721353,-0.24493050612963665,-0.304535934341157,-0.4148815309157155,-0.45768299649364935,-0.636984252345803,0.34785212043283203,-0.3088213656157659,-0.1360782821758221,-0.20795192721996142,-0.8941784945554541,-0.03282706472290395,-0.5505516919455627,-0.07532485481082452,-0.023927424311730765,True,Train
0.6360540124960274,1.0095497062255772,-0.39647790101721353,-0.24493050612963665,-0.1255281258621518,-0.08011758144527034,-0.45768299649364935,-0.687725159136436,1.7140759265845829,-0.3088213656157659,-0.1360782821758221,-0.20795192721996142,0.3550439443011479,-0.6204962447290423,-0.5505516919455627,-0.07978546243230733,-0.023927424311730765,True,Train
-0.6969929641233985,-0.4571914023726529,-0.39647790101721353,-0.24493050612963665,-0.10638799996640319,-0.41856229712337883,-0.45768299649364935,-0.22386984390112055,-0.31717784430961626,-0.3088213656157659,0.9612698010340449,-0.20795192721996142,-0.8941784945554541,1.7218393575021527,1.8163598707074318,-0.07486584567376589,-0.004310827048128314,False,Train
-0.09488245843843363,-0.3887416241372728,-0.39647790101721353,-0.24493050612963665,-0.6235475829292975,-0.6043327997059137,-0.2612605204522388,0.485524808777646,-0.31717784430961626,-0.3088213656157659,-1.2334263653856892,-0.20795192721996142,-0.8941784945554541,0.23115832407977221,-0.5505516919455627,-0.07486584567376589,-0.023927424311730765,False,Train
-0.6969929641233985,-0.4571914023726529,-0.39647790101721353,-0.24493050612963665,-0.39869559033673474,-0.08870555896323672,0.4262181044439803,0.485524808777646,-0.31717784430961626,-0.3088213656157659,2.058617884243912,-0.20795192721996142,-0.8941784945554541,2.2187330353096133,-0.5505516919455627,-0.08346529172518835,-0.023927424311730765,False,Train
-0.6969929641233985,-0.4571914023726529,-0.39647790101721353,-0.24493050612963665,-0.5111215866330161,-0.4895747759225024,-0.22852345486157635,0.02822632729874777,-0.31717784430961626,-0.3088213656157659,-1.2334263653856892,-0.7902928907952793,-0.8941784945554541,3.9578609076357236,1.8163598707074318,0.3541154461684401,-0.023927424311730765,False,Train
0.5072280472465313,0.868245212548799,-0.39647790101721353,-0.24493050612963665,-0.66851798144781,-0.6185469082983945,-0.45768299649364935,-0.06323335664997329,-0.31717784430961626,-0.3088213656157659,-1.2334263653856892,-0.7902928907952793,2.020673862776617,0.23115832407977221,1.8163598707074318,0.17685061057224621,-0.004310827048128314,False,Train
2.614614817143908,2.958509101637473,1.1781951605199883,0.48512052071178113,6.144497394106841,1.9981180419658653,-0.4245248639905998,-0.7705987908315556,-0.31717784430961626,-0.3088213656157659,0.9612698010340449,-0.20795192721996142,1.1878589035388825,-0.265735353727688,-0.5505516919455627,0.17685061057224621,-0.023927424311730765,False,Train
-0.6969929641233985,-0.4571914023726529,-0.39647790101721353,-0.24493050612963665,-0.578577184410785,-0.4221100178603968,2.2922315237155857,2.5433679034081793,-0.31717784430961626,-0.3088213656157659,-0.1360782821758221,-0.20795192721996142,-0.06136353531771945,-0.265735353727688,-0.5505516919455627,-0.08346529172518835,-0.023927424311730765,False,Train
-0.6969929641233985,-0.4571914023726529,-0.39647790101721353,-0.24493050612963665,-0.15135839848491575,-0.12556282714884023,-0.45768299649364935,-0.6241425916690432,-0.31717784430961626,-0.3088213656157659,0.9612698010340449,-0.20795192721996142,-0.8941784945554541,-0.7626290315351482,1.8163598707074318,-0.03141403490580411,-0.023927424311730765,False,Train
0.20617279440404881,-0.06685795623701407,0.3908586297513874,-0.117038355442089,-0.48863638737375986,-0.41036944285360005,-0.3519170557884125,-0.08358565121860963,-0.31717784430961626,-0.3088213656157659,-0.1360782821758221,-0.20795192721996142,-0.8941784945554541,-0.5141821926314181,-0.5505516919455627,-0.019835984983158472,-0.023927424311730765,False,Train
-0.39593771128091604,-0.30858223018525954,-0.39647790101721353,-0.24493050612963665,-0.38169526338057247,-0.3418355474948398,-0.45768299649364935,-0.6430661603876445,1.565787202384413,-0.3088213656157659,0.6935908697044355,-0.20795192721996142,-0.8941784945554541,0.4190008885991717,-0.5505516919455627,-0.005714027411843806,-0.019142297447987747,True,Train
-0.39593771128091604,0.4264330075749816,-0.39647790101721353,-0.24493050612963665,-0.6460327821885538,-0.5980096116923468,-0.45768299649364935,-0.8863705945021868,4.690244910730296,-0.3088213656157659,-0.1360782821758221,-0.20795192721996142,1.6042663831577497,-0.5141821926314181,1.8163598707074318,0.17685061057224621,-0.023927424311730765,True,Train
-0.6969929641233985,-0.4571914023726529,-0.39647790101721353,-0.24493050612963665,-0.39869559033673474,-0.49204830950818645,-0.1630493030558925,-0.05343411361765212,-0.31717784430961626,2.7076302620914374,0.9612698010340449,-0.20795192721996142,2.020673862776617,2.2187330353096133,-0.5505516919455627,-0.08346529172518835,-0.023927424311730765,False,Train
-0.39593771128091604,-0.3327372601265072,1.9655316912885894,0.03216915369338324,1.0853275607741795,0.370160167867996,-0.3085912380676235,-0.22273685722850972,-0.31717784430961626,-0.3088213656157659,0.9612698010340449,-0.20795192721996142,-0.8941784945554541,-0.5141821926314181,-0.5505516919455627,-0.019835984983158472,-0.023927424311730765,False,Train
-0.37748628062083484,-0.08939432124456198,-0.39647790101721353,-0.24493050612963665,-0.5308505868816719,-0.407749167680202,-0.45768299649364935,-0.3824201140251219,1.21098213403766,-0.3088213656157659,-0.1360782821758221,0.9924212021551273,-0.8941784945554541,0.9764988407909625,-0.5505516919455627,-0.03141403490580411,-0.004310827048128314,True,Train
-0.6969929641233985,-0.4571914023726529,-0.39647790101721353,-0.24493050612963665,-0.66851798144781,-0.5940380225268007,-0.45768299649364935,1.171472500128347,-0.31717784430961626,-0.3088213656157659,-0.1360782821758221,-0.20795192721996142,-0.47777101493658675,0.4796051629835023,1.8163598707074318,-0.07486584567376589,-0.023927424311730765,False,Train
-0.6969929641233985,-0.4571914023726529,-0.39647790101721353,-0.24493050612963665,-0.3312399925589659,-0.4723645562225552,-0.45768299649364935,-0.6291402076733701,-0.31717784430961626,1.7021463861890365,-0.1360782821758221,-0.20795192721996142,-0.06136353531771945,-0.5141821926314181,-0.5505516919455627,-0.08346529172518835,-0.023927424311730765,False,Train
3.517780575671355,0.0417026916503283,3.540204752825791,1.308603868749935,3.0640250955887316,1.6312340698940477,-0.3839422716298077,-0.502152212529179,0.3138899750926254,-0.3088213656157659,-0.1360782821758221,-0.20795192721996142,-0.06136353531771945,-0.7626290315351482,-0.5505516919455627,0.2358810664611915,-0.023927424311730765,False,Train
2.9063063586400775,1.1023869395077464,3.2614335749124277,0.7003097025309988,7.770156920991376,5.653494159533869,-0.36050233423505373,-0.6690684089392419,0.020223031751713305,-0.3088213656157659,-0.8790205977542475,-0.602216746701197,0.4765777605019934,-0.34597515548659974,1.0519286732481468,-0.07486584567376589,-0.023927424311730765,True,Train
2.0125043114589434,0.5688481453498325,-0.39647790101721353,-0.24493050612963665,1.8947947341074054,1.6889206071606166,-0.45768299649364935,-0.7204155088808123,4.223325978893528,-0.3088213656157659,-0.1360782821758221,-0.20795192721996142,-0.47777101493658675,0.4796051629835023,1.8163598707074318,-0.08346529172518835,-0.023927424311730765,True,Train
-0.6969929641233985,-0.4571914023726529,-0.39647790101721353,-0.24493050612963665,1.287694354107486,0.9038953980460558,-0.3186423750329188,-0.3826416166320682,-0.31717784430961626,-0.3088213656157659,-0.1360782821758221,-0.20795192721996142,-0.8941784945554541,1.4733925185984227,-0.5505516919455627,-0.07486584567376589,-0.023927424311730765,True,Train
2.3233932720505015,0.6095217776331323,1.4320681166568061,0.7869849223711858,0.8155051696631042,0.2251256581102923,-0.28051044083778415,-0.27664054069811816,-0.2009361722106756,-0.3088213656157659,-0.1360782821758221,-0.3957250282065322,-0.8941784945554541,-0.34584586679351087,-0.5505516919455627,0.14702980887781608,-0.023927424311730765,True,Train
-0.09488245843843363,0.0788877770482102,-0.39647790101721353,-0.24493050612963665,0.1608958960142155,-0.009174180671599586,-0.45768299649364935,-0.7420815894433408,0.4251307577138662,-0.3088213656157659,-0.1360782821758221,-0.20795192721996142,-0.06136353531771945,-0.5141821926314181,-0.5505516919455627,-0.03698957099447556,-0.009599191885652194,True,Train
-0.6969929641233985,-0.4571914023726529,-0.39647790101721353,-0.24493050612963665,-0.09514045490842357,-0.20221213678497788,-0.45768299649364935,-0.7311063344245154,0.8601810017157618,-0.3088213656157659,-0.1360782821758221,-0.20795192721996142,-0.8941784945554541,-0.5141821926314181,-0.5505516919455627,-0.04047175047964136,-0.023927424311730765,True,Train
1.479292439200432,0.6311633004455115,1.6430236614954143,0.6396466185296825,-0.18413539293231201,0.13002607086169604,-0.37354237553574327,-0.5204388788798657,0.29543248886339213,-0.3088213656157659,-0.1360782821758221,-0.20795192721996142,0.1844755144177744,-0.5141821926314181,-0.5505516919455627,-0.057067156886848894,-0.023927424311730765,True,Train
2.0125043114589434,0.804321039486006,0.3908586297513874,0.41584560575602614,0.9953867637371543,0.88796072334363,-0.4079857368101878,-0.5805866757182813,-0.21293806178333494,-0.3088213656157659,-1.2334263653856892,-0.20795192721996142,-0.06136353531771945,0.9764988407909625,-0.5505516919455627,-0.07486584567376589,-0.023927424311730765,False,Train
-0.5913896543852475,-0.3827783253272671,-0.39647790101721353,-0.24493050612963665,0.027760105037361232,-0.28457825721209934,-0.45768299649364935,-0.7876735872283375,1.674487737624353,-0.3088213656157659,-1.2334263653856892,-0.7902928907952793,-0.8941784945554541,-0.5141821926314181,1.8163598707074318,-0.07433609543271659,-0.020486897070838107,True,Train
0.6676014439570676,-0.20157067713532592,0.3908586297513874,-0.22979079825599097,0.3924863522051029,0.1316056979566346,-0.40529202644775275,-0.5815064655367804,0.01961185386337206,-0.3088213656157659,-0.1360782821758221,-0.20795192721996142,0.9932734359647345,-0.6465308664405871,-0.5505516919455627,-0.08346529172518835,-0.023927424311730765,True,Train
-0.09488245843843363,-0.2580647747788197,1.1781951605199883,0.45705529875534706,1.1752683578112044,3.747328158599774,-0.27382242562777026,-0.12066154273496572,-0.31717784430961626,-0.3088213656157659,-0.1360782821758221,-0.20795192721996142,0.7714514239200152,-0.7626290315351482,-0.5505516919455627,0.22644050227865944,-0.023927424311730765,False,Train
0.20617279440404881,1.3219371311006574,-0.39647790101721353,-0.24493050612963665,-0.21881399626268455,0.8582920069342634,-0.45768299649364935,-0.7148836768091194,-0.31717784430961626,-0.3088213656157659,-0.1360782821758221,0.9567299999306743,-0.47777101493658675,-0.5141821926314181,-0.5505516919455627,-0.08346529172518835,-0.004310827048128314,False,Train
-0.6969929641233985,-0.4571914023726529,-0.39647790101721353,-0.24493050612963665,-0.41460170152085385,-0.23825371120773808,-0.45768299649364935,-0.7192524897376638,2.200504981619937,-0.3088213656157659,0.43010298686328174,-0.20795192721996142,0.3550439443011479,-0.5141821926314181,1.8163598707074318,0.07536935045212222,-0.013806160053950741,True,Train
0.14586492857672662,0.08015833096165961,2.595147719225154,0.3381946375057225,-0.03900471151941268,-0.17747441463014946,-0.3731042568119047,-0.5801755115340275,0.6008096968677346,-0.3088213656157659,-1.2334263653856892,-0.7902928907952793,0.688036017036258,-0.5141821926314181,-0.5505516919455627,-0.06616151001110426,-0.023927424311730765,True,Train
-0.6969929641233985,-0.4571914023726529,-0.39647790101721353,-0.24493050612963665,-0.4224130672156651,-0.3321488147736786,-0.45768299649364935,-0.5680443120303766,1.5740764302860977,-0.3088213656157659,-1.2334263653856892,-0.7902928907952793,-0.8865715703756448,-0.5141821926314181,-0.5505516919455627,-0.07486584567376589,-0.004310827048128314,True,Train
-0.09488245843843363,-0.38930732478384616,-0.39647790101721353,-0.24493050612963665,0.2983455867002097,-0.33823632561432443,0.23260167555993788,0.2343439456078384,0.39287742718647894,3.713114137993839,-0.1360782821758221,4.450775781382581,-0.06136353531771945,-0.5141821926314181,-0.5505516919455627,-0.08346529172518835,-0.023927424311730765,False,Train
-0.39593771128091604,-0.4571914023726529,1.1781951605199883,-0.18098443078586282,0.2758603874409535,-0.1988885409691511,-0.45768299649364935,-0.4091895828762944,-0.31717784430961626,-0.3088213656157659,2.058617884243912,-0.20795192721996142,-0.8941784945554541,1.4733925185984227,-0.5505516919455627,-0.07486584567376589,-0.023927424311730765,True,Train
-0.6969929641233985,-0.4571914023726529,-0.39647790101721353,-0.24493050612963665,-0.4438330894910861,-0.46472229391269376,-0.45768299649364935,-0.5923930154345194,3.0727610218153494,-0.3088213656157659,0.9612698010340449,-0.20795192721996142,-0.7543444790307123,-0.3074508857831346,-0.5505516919455627,0.011881099212319501,-0.023927424311730765,True,Train
0.8082833000890136,0.265774023948139,-0.39647790101721353,-0.24493050612963665,-0.3762103910774785,-0.223622632777943,-0.45768299649364935,-0.8863705945021868,3.2089836284445523,-0.3088213656157659,-1.2334263653856892,3.2860938542319458,0.3550439443011479,-0.7626290315351482,-0.5505516919455627,0.23527552376444172,-0.023927424311730765,True,Train
0.5072280472465313,0.9712027302251559,-0.39647790101721353,-0.24493050612963665,-0.42118078959599103,-0.13832242832311265,-0.45768299649364935,-0.3290380965658942,-0.31717784430961626,-0.3088213656157659,-1.2334263653856892,-0.7902928907952793,-0.06136353531771945,-0.265735353727688,-0.5505516919455627,-0.07486584567376589,-0.023927424311730765,False,Train
-0.6969929641233985,-0.4571914023726529,3.540204752825791,0.5970261525633853,-0.3312399925589659,-0.33254085275543616,0.011052439884133998,0.06460234637861999,-0.31717784430961626,-0.3088213656157659,-1.2334263653856892,3.2860938542319458,0.7714514239200152,1.7218393575021527,-0.5505516919455627,-0.019835984983158472,-0.023927424311730765,False,Train
0.5072280472465313,-0.05328114071925269,-0.39647790101721353,-0.24493050612963665,-0.39869559033673474,-0.38950118050117616,0.16104777210025545,0.6913091182406993,-0.31717784430961626,-0.3088213656157659,-1.2334263653856892,-0.7902928907952793,-0.8941784945554541,-0.265735353727688,-0.5505516919455627,0.23527552376444172,-0.023927424311730765,False,Train
-0.38204351625548355,-0.32863740973089206,0.15263770331240883,-0.20528766649422747,-0.41599214497437936,-0.1522362905135959,-0.3977490904547816,-0.38384462034950956,0.10467227845125938,-0.3088213656157659,-1.2334263653856892,3.2860938542319458,0.06462703122450641,1.7218393575021527,1.8163598707074318,-0.07786462055013109,-0.023927424311730765,True,Train
1.109338552931496,0.16312098080707432,0.3157908646985373,-0.1163767178474216,2.3734154008564854,2.2730221760179177,-0.3479618661641362,-0.4700937368455529,-0.10911107116029073,-0.3088213656157659,-0.1360782821758221,0.84568463895486,-0.06136353531771945,1.5444562183079051,-0.5505516919455627,-0.07486584567376589,-0.023927424311730765,True,Train
-0.6969929641233985,-0.4571914023726529,-0.39647790101721353,-0.24493050612963665,-0.6910031807070663,-0.6243475187901789,3.667188794132383,3.229315594758881,-0.31717784430961626,-0.3088213656157659,-1.2334263653856892,-0.7902928907952793,-0.06136353531771945,-0.265735353727688,-0.5505516919455627,-0.03141403490580411,-0.023927424311730765,False,Train
2.179509447761713,3.3870964383703983,0.7988911968636232,1.042050162223065,0.26092577357655244,0.34110261066224884,-0.4487759552289368,-0.6782838068560388,1.8517849102496493,-0.3088213656157659,0.432615964705768,-0.20795192721996142,-0.2923583020080299,-0.15511005357259083,-0.5505516919455627,0.0419434117777607,-0.014477014220544699,True,Train
-0.6969929641233985,-0.4571914023726529,-0.39647790101721353,-0.24493050612963665,-0.6235475829292975,-0.6112830807456193,0.5735349511628588,1.171472500128347,-0.31717784430961626,-0.3088213656157659,0.9612698010340449,-0.20795192721996142,-0.06136353531771945,-0.265735353727688,-0.5505516919455627,-0.08346529172518835,-0.023927424311730765,False,Train
-0.6969929641233985,-0.4571914023726529,-0.39647790101721353,-0.24493050612963665,0.4332567822557474,0.24070553653077711,-0.45768299649364935,-0.6173715059073328,-0.31717784430961626,-0.3088213656157659,-0.1360782821758221,-0.20795192721996142,-0.8941784945554541,-0.5141821926314181,1.8163598707074318,-0.07486584567376589,-0.023927424311730765,False,Train
-0.6969929641233985,-0.4571914023726529,-0.39647790101721353,-0.24493050612963665,-0.6910031807070663,-0.6243475187901789,3.667188794132383,3.229315594758881,-0.31717784430961626,-0.3088213656157659,0.9612698010340449,-0.20795192721996142,-0.47777101493658675,-0.7626290315351482,1.8163598707074318,-0.019835984983158472,-0.023927424311730765,False,Train
-0.6969929641233985,-0.4571914023726529,-0.39647790101721353,-0.24493050612963665,-0.3537251918182222,-0.4042117377393502,-0.45768299649364935,-0.6119915220775927,-0.31717784430961626,-0.3088213656157659,-1.2334263653856892,-0.7902928907952793,-0.8941784945554541,-0.7626290315351482,-0.5505516919455627,-0.08346529172518835,-0.023927424311730765,False,Train
1.109338552931496,0.1735648185566765,-0.39647790101721353,-0.24493050612963665,-0.12887319922565946,-0.3896956954560045,-0.45768299649364935,-0.5052885300328435,-0.31717784430961626,2.7076302620914374,-1.2334263653856892,-0.7902928907952793,-0.06136353531771945,-0.265735353727688,-0.5505516919455627,0.516803565771823,-0.023927424311730765,False,Train
-0.39593771128091604,-0.37799331185237833,-0.39647790101721353,-0.24493050612963665,-0.5560919851515287,-0.5351174069458371,-0.45768299649364935,-0.3719098208445533,-0.31717784430961626,-0.3088213656157659,-1.2334263653856892,-0.7902928907952793,-0.8941784945554541,-0.5141821926314181,-0.5505516919455627,-0.07486584567376589,-0.004310827048128314,False,Train
2.3135595643014257,-0.21903143016525586,-0.39647790101721353,-0.24493050612963665,0.11846399262615954,-0.34860077977892245,-0.2701888260674078,-0.20821776585277493,-0.31717784430961626,-0.3088213656157659,-1.2334263653856892,-0.7902928907952793,-0.8941784945554541,-0.5141821926314181,-0.5505516919455627,0.23527552376444172,-0.023927424311730765,False,Train
-0.6969929641233985,-0.4571914023726529,-0.39647790101721353,-0.24493050612963665,-0.66851798144781,-0.49223992128359256,-0.45768299649364935,1.171472500128347,-0.31717784430961626,-0.3088213656157659,-0.1360782821758221,1.5390709635059923,2.4370813423954845,2.2187330353096133,1.8163598707074318,0.17685061057224621,-0.023927424311730765,False,Train
-0.6969929641233985,-0.4571914023726529,-0.39647790101721353,-0.24493050612963665,-0.3537251918182222,-0.4486046982147636,-0.19987850957952233,-0.3719098208445533,-0.31717784430961626,-0.3088213656157659,-0.1360782821758221,-0.20795192721996142,1.6042663831577497,-0.7626290315351482,-0.5505516919455627,0.2358810664611915,-0.023927424311730765,False,Train
-0.3795446637487497,-0.26481881284530473,0.3908586297513874,-0.24493050612963665,0.9785767163341953,0.6429004659787125,-0.42031633857218054,-0.585493157089258,0.08335329261258928,-0.3088213656157659,-0.1360782821758221,-0.20795192721996142,-0.8941784945554541,1.866355401651201,-0.5505516919455627,-0.05432295834469765,-0.023927424311730765,True,Train
1.2636546294920405,0.4319608740812406,0.3908586297513874,-0.1683835742562403,1.8829107681928707,2.2719842756066413,-0.3590702754620199,-0.4261033573307972,0.26854273176540844,-0.3088213656157659,-0.1360782821758221,0.9567299999306743,-0.06136353531771945,1.4733925185984227,-0.5505516919455627,-0.07486584567376589,-0.023927424311730765,True,Train
-0.39593771128091604,-0.3033208265046909,-0.39647790101721353,-0.24493050612963665,-0.24129919552194085,-0.09985823441480159,-0.24058447685557208,-0.49405665779490243,-0.31717784430961626,-0.3088213656157659,0.9612698010340449,-0.20795192721996142,0.3550439443011479,3.9578609076357236,-0.5505516919455627,0.17685061057224621,-0.023927424311730765,False,Train
3.7122878218961373,1.3566207753315533,0.06685294050438378,-0.24493050612963665,0.49682652631319507,0.07657855058574091,-0.32785784616900043,-0.5040392393458674,0.02293542538768701,-0.3088213656157659,-0.5876603035221515,-0.44759759067697547,-0.06136353531771945,1.912009596978892,-0.5505516919455627,-0.07992643719964819,-0.023927424311730765,True,Train
1.4103938057739784,3.073912033538445,1.9655316912885894,-0.06374995932227749,0.45574198151500367,0.36183895852537895,-0.38531682328095695,-0.6497702081676268,3.1340476553376075,-0.3088213656157659,-0.1360782821758221,-0.20795192721996142,-0.47777101493658675,-0.01728851482395788,-0.5505516919455627,-0.08346529172518835,-0.023927424311730765,False,Train
0.6352158188727703,0.12879178903836436,-0.39647790101721353,-0.24493050612963665,-0.23793228448780254,-0.2751761946979857,-0.1299370033210454,-0.12746086052317382,0.5835846047165123,-0.3088213656157659,0.9612698010340449,-0.20795192721996142,-0.6547985369669111,-0.33415550497253055,-0.5505516919455627,0.12716794728396544,-0.023927424311730765,True,Train
-0.4729064477077365,-0.4041363513828214,-0.39647790101721353,-0.24493050612963665,-0.5498339992487619,-0.5371643244297,-0.45768299649364935,-0.6352687564047734,0.5425282685929194,-0.3088213656157659,-0.1360782821758221,4.450775781382581,0.3644766683303533,-0.5141821926314181,1.8163598707074318,0.17050363774460325,-0.023927424311730765,True,Train
-0.6969929641233985,-0.4571914023726529,-0.39647790101721353,-0.24493050612963665,-0.016447202929378096,0.05367815238884956,-0.45768299649364935,-0.515737557600725,-0.31717784430961626,-0.3088213656157659,-0.1360782821758221,-0.7902928907952793,-0.8941784945554541,-0.5141821926314181,1.8163598707074318,-0.07486584567376589,-0.023927424311730765,False,Train
-0.6969929641233985,-0.4571914023726529,-0.39647790101721353,-0.24493050612963665,1.130297959292692,0.24372342171907044,-0.045195817431046136,-0.17684343730655708,0.6837320206889804,-0.3088213656157659,2.058617884243912,-0.7902928907952793,-0.8941784945554541,-0.5141821926314181,1.8163598707074318,-0.019835984983158472,-0.023927424311730765,False,Train
0.10411515365203475,0.2209292546799437,0.12395178109340538,-0.24493050612963665,-0.18070161711347726,-0.08632406512106183,-0.45768299649364935,-0.7437603160898634,2.163520520871472,-0.3088213656157659,-1.2334263653856892,-0.7902928907952793,0.07979847584183836,-0.5141821926314181,-0.5505516919455627,-0.07486584567376589,-0.017277403701217862,True,Train
0.8082833000890136,11.74025737404625,1.1781951605199883,0.4087404862733846,-0.3762103910774785,-0.38239412620493574,0.2922936852113168,-0.01780046143416793,-0.31717784430961626,-0.3088213656157659,-1.2334263653856892,-0.20795192721996142,0.3550439443011479,-0.01728851482395788,1.8163598707074318,-0.08346529172518835,-0.023927424311730765,False,Train
-0.6969929641233985,-0.4571914023726529,-0.39647790101721353,-0.24493050612963665,0.2758603874409535,0.021891752236607755,-0.45768299649364935,-0.5832774290350964,-0.31717784430961626,-0.3088213656157659,-0.1360782821758221,0.9567299999306743,-0.8941784945554541,-0.5141821926314181,-0.5505516919455627,-0.019835984983158472,-0.023927424311730765,False,Train
0.5009736160164356,-0.021112624624843535,-0.39647790101721353,-0.24493050612963665,-0.21320842860156433,-0.2645081456130376,-0.45768299649364935,-0.3349068909104794,-0.31717784430961626,-0.3088213656157659,-0.1360782821758221,-0.20795192721996142,2.4370813423954845,-0.5141821926314181,-0.5505516919455627,0.2201808545406885,-0.02351988895934853,True,Train
-0.6969929641233985,-0.4571914023726529,-0.39647790101721353,-0.24493050612963665,-0.48863638737375986,-0.4870838230512538,-0.045195817431046136,0.7599038812022403,-0.31717784430961626,-0.3088213656157659,-1.2334263653856892,-0.7902928907952793,-0.8941784945554541,-0.265735353727688,-0.5505516919455627,-0.08346529172518835,-0.023927424311730765,False,Train
-0.09488245843843363,-0.34970827952370886,-0.39647790101721353,-0.24493050612963665,-0.6235475829292975,-0.5783606968733292,-0.45768299649364935,-0.47480197557608006,-0.31717784430961626,-0.3088213656157659,-1.2334263653856892,-0.7902928907952793,-0.8941784945554541,-0.265735353727688,-0.5505516919455627,-0.019835984983158472,-0.023927424311730765,False,Train
-0.6969929641233985,-0.4571914023726529,0.3908586297513874,0.06769475110659091,0.20840478966318465,-0.054868664427827445,-0.45768299649364935,-0.7659114769874681,-0.31717784430961626,-0.3088213656157659,-0.1360782821758221,-0.20795192721996142,-0.06136353531771945,-0.5141821926314181,-0.5505516919455627,-0.03141403490580411,-0.004310827048128314,False,Train
-0.5764817917288408,-0.4571914023726529,-0.39647790101721353,-0.24493050612963665,0.31199636744399023,0.06660385247791312,-0.45768299649364935,-0.771334258213656,3.62748809594286,-0.3088213656157659,-0.1360782821758221,0.9567299999306743,-0.8941784945554541,0.8770465988808179,-0.5505516919455627,-0.07486584567376589,-0.004310827048128314,True,Train
2.9156700699863904,0.5118066636755826,1.1781951605199883,0.1494036251569686,4.0758590622552635,3.265409898479612,-0.37604491584562877,-0.5852300751907294,-0.31717784430961626,-0.3088213656157659,-0.1360782821758221,-0.20795192721996142,-0.8941784945554541,-0.7626290315351482,-0.5505516919455627,-0.07486584567376589,-0.023927424311730765,False,Train
1.8410370227227077,0.7819985489374806,2.9223210668845847,0.7737634744281007,1.6639233452462314,1.2313763217470024,-0.37918768357491406,-0.6604859870515015,2.5713618815372277,-0.3088213656157659,-0.1360782821758221,-0.20795192721996142,-0.8941784945554541,-0.5141821926314181,-0.5505516919455627,-0.07486584567376589,-0.023927424311730765,True,Train
-0.6969929641233985,-0.4571914023726529,-0.39647790101721353,-0.24493050612963665,0.3433159852187223,0.2624970191891025,-0.36801187240389727,-0.48374912751820753,-0.20995991054229396,-0.3088213656157659,-0.1360782821758221,-0.20795192721996142,1.6042663831577497,-0.7626290315351482,-0.5505516919455627,-0.019835984983158472,-0.023927424311730765,False,Train
-0.09488245843843363,-0.0238647070974365,-0.39647790101721353,-0.24493050612963665,0.02852319558913445,0.3856467673581875,-0.45768299649364935,-0.3678748432614637,-0.31717784430961626,-0.3088213656157659,-0.1360782821758221,-0.20795192721996142,0.3550439443011479,2.2187330353096133,-0.5505516919455627,0.23527552376444172,-0.023927424311730765,False,Train
-0.686755428084359,-0.4552484717946471,-0.39647790101721353,-0.24493050612963665,-0.532077544760698,-0.5077278112822738,-0.45768299649364935,-0.3132255739510619,2.5506678112602126,-0.3088213656157659,-1.2334263653856892,-0.7902928907952793,-0.8800183477409613,-0.5141821926314181,1.8163598707074318,-0.07262634918929689,-0.004310827048128314,True,Train
-0.6373079825752237,-0.4370041117671173,-0.39647790101721353,-0.24493050612963665,-0.17345068758451287,-0.25447233658339113,-0.45768299649364935,-0.6978848125643513,1.5973164063052412,-0.3088213656157659,-0.1360782821758221,1.5390709635059923,-0.1439173937969061,-0.0665437424131275,-0.5505516919455627,-0.07314599560432072,-0.020038383231525198,True,Train
-0.6969929641233985,-0.4571914023726529,-0.39647790101721353,-0.24493050612963665,-0.5336067858922724,-0.4817361130957667,0.5735349511628588,0.6570117264707135,-0.31717784430961626,-0.3088213656157659,-1.2334263653856892,-0.7902928907952793,-0.8941784945554541,-0.7626290315351482,-0.5505516919455627,0.17685061057224621,-0.004310827048128314,False,Train
0.5072280472465313,-0.011552563816879302,2.218245217689908,0.35166413762992277,1.0034376930887363,1.7116625408398214,-0.3540903862862067,-0.6071653823582672,0.2302620586782047,-0.3088213656157659,0.9612698010340449,-0.20795192721996142,-0.32867439536797394,-0.34548000462217926,-0.5505516919455627,-0.07486584567376589,-0.023927424311730765,True,Train
0.6877766057707793,0.13156433633540818,-0.39647790101721353,-0.24493050612963665,0.05113475667189177,0.29367231752758133,-0.45768299649364935,-0.6936904718517437,2.0265429579396197,-0.3088213656157659,-0.1360782821758221,-0.20795192721996142,-0.8941784945554541,-0.6631804851722375,-0.5505516919455627,0.020734215070149165,-0.023927424311730765,True,Train
0.8456150529888098,-0.039403830196593694,-0.39647790101721353,-0.24493050612963665,1.2709649618502759,0.707147700849204,-0.4249531511000831,-0.6472096362462011,0.006483493347482124,-0.3088213656157659,-0.1360782821758221,-0.20795192721996142,0.2517723953878856,-0.5141821926314181,-0.5505516919455627,-0.06947769101669707,-0.023927424311730765,True,Train
-0.6969929641233985,-0.4571914023726529,-0.12852247185144366,0.15405533901311477,-0.3843348789440575,-0.14750072812056386,-0.34069767426876885,-0.5523730794605618,1.0820170412743757,3.713114137993839,0.23738384626586415,-0.20795192721996142,2.295364756731427,-0.01728851482395788,-0.5505516919455627,-0.08346529172518835,-0.010986973185294553,True,Train
-0.6969929641233985,-0.4571914023726529,-0.39647790101721353,-0.24493050612963665,-0.66851798144781,-0.6243475187901789,3.667188794132383,3.229315594758881,-0.31717784430961626,-0.3088213656157659,-0.1360782821758221,-0.20795192721996142,-0.8941784945554541,-0.7626290315351482,-0.5505516919455627,-0.03141403490580411,-0.023927424311730765,False,Train
3.216725322828873,1.2175182202758863,1.9655316912885894,0.08368126994253437,0.45574198151500367,0.02860355554682553,0.30305155708485904,0.37839020472222895,-0.31717784430961626,-0.3088213656157659,-1.2334263653856892,-0.7902928907952793,-0.06136353531771945,-0.7626290315351482,-0.5505516919455627,-0.019835984983158472,-0.023927424311730765,False,Train
1.8003493933140646,0.8433648845907366,-0.39647790101721353,-0.24493050612963665,0.12731703746767054,0.8958188924531685,-0.45768299649364935,-0.5991999473973098,0.39813893040007076,-0.3088213656157659,1.0692838737068038,-0.2652728631402723,-0.06136353531771945,-0.5386372906292813,-0.5505516919455627,-0.0004757468316184399,-0.023927424311730765,True,Train
2.3135595643014257,0.7783145237761904,-0.39647790101721353,-0.24493050612963665,-0.10638799996640319,-0.15518592196571965,-0.332686882876155,-0.47881075681657503,2.3179685447421208,-0.3088213656157659,-0.1360782821758221,-0.20795192721996142,-0.8941784945554541,-0.265735353727688,-0.5505516919455627,-0.019835984983158472,-0.023927424311730765,False,Train
0.5325421041350892,0.9336702195986448,-0.09478383611237512,-0.13875059514018362,-0.2289019368532962,-0.2932534042234798,-0.3728733067084101,-0.7073354960302995,0.6285462583241235,-0.3088213656157659,0.9612698010340449,-0.20795192721996142,-0.38048416613706293,1.262100742185475,1.8163598707074318,-0.0781610082043941,-0.023927424311730765,True,Train
3.2351060583585944,1.4182562227427011,3.4921344255077758,0.6642536635755638,3.8532326201620846,3.6977613988581566,-0.41632380787646883,-0.6030244095287369,-0.11573145174689153,-0.3088213656157659,-0.1360782821758221,-0.17239747288462548,-0.06136353531771945,1.4051330872088181,1.8163598707074318,-0.07486584567376589,-0.023927424311730765,True,Train
-0.39593771128091604,-0.04422993037407849,-0.39647790101721353,-0.24493050612963665,0.006037996329878177,-0.314459048373226,-0.45768299649364935,-0.607704335244825,-0.31717784430961626,-0.3088213656157659,-0.1360782821758221,-0.20795192721996142,-0.06136353531771945,0.4796051629835023,-0.5505516919455627,-0.07486584567376589,-0.023927424311730765,,Test
-0.6969929641233985,-0.4571914023726529,-0.39647790101721353,-0.24493050612963665,-0.21881399626268455,-0.4954559504663142,-0.2701888260674078,0.0957817971837764,-0.31717784430961626,-0.3088213656157659,0.9612698010340449,-0.20795192721996142,1.6042663831577497,1.4733925185984227,1.8163598707074318,-0.07486584567376589,-0.023927424311730765,,Test
-0.6810879717745033,-0.45524878491593485,-0.39647790101721353,-0.24493050612963665,-0.48863638737375986,-0.4535750375842008,-0.45768299649364935,-0.3910360506079301,0.5997969536852169,-0.3088213656157659,-0.1360782821758221,0.9874955437392051,-0.8501802070993897,0.9764988407909625,1.8163598707074318,-0.030802357169919678,-0.004310827048128314,,Test
3.2006324100985557,0.9745692578140005,3.7745922062758788,0.6611402574790596,7.323177204414792,5.692097140195987,-0.407279123515818,-0.6533793826517245,-0.140442827082052,-0.3088213656157659,-0.5214138955988377,-0.412441929849081,1.0193776535086696,-0.4269396699198086,0.2805932591123139,-0.07486584567376589,-0.023927424311730765,,Test
0.8082833000890136,-0.29343705593361386,-0.39647790101721353,-0.24493050612963665,-0.6047051584979045,-0.5986582854406167,-0.45768299649364935,-0.7441864736796251,-0.31717784430961626,-0.3088213656157659,-0.1360782821758221,-0.20795192721996142,-0.5115016185082929,-0.5141821926314181,-0.5505516919455627,0.2101528828520323,-0.005899846693812914,,Test
-0.39593771128091604,-0.2846527051677691,0.3908586297513874,1.780028546423201,-0.66851798144781,-0.4696645723425936,-0.45768299649364935,0.34833526227613343,-0.31717784430961626,-0.3088213656157659,-0.1360782821758221,-0.20795192721996142,-0.8941784945554541,0.9764988407909625,1.8163598707074318,-0.019835984983158472,-0.004310827048128314,,Test
-0.09488245843843363,-0.39685000005263465,-0.39647790101721353,-0.24493050612963665,0.051008394848390724,-0.3413717907450187,-0.10412256024346929,-0.19650318536012645,-0.31717784430961626,-0.3088213656157659,0.9612698010340449,-0.20795192721996142,0.3550439443011479,2.2187330353096133,-0.5505516919455627,-0.08346529172518835,-0.023927424311730765,,Test
0.40385970668472415,0.03560640943954879,-0.39647790101721353,-0.24493050612963665,0.17414376907126447,0.48166163355256664,-0.45768299649364935,-0.6380953920375249,2.063302368694191,-0.3088213656157659,-0.1360782821758221,-0.20795192721996142,-0.8941784945554541,-0.5141821926314181,-0.5505516919455627,0.09042291290352998,-0.017191999211313005,,Test
-0.6969929641233985,-0.4571914023726529,-0.39647790101721353,-0.24493050612963665,-0.6910031807070663,-0.6243475187901789,3.667188794132383,3.229315594758881,-0.31717784430961626,-0.3088213656157659,-0.1360782821758221,-0.20795192721996142,-0.8941784945554541,2.2187330353096133,-0.5505516919455627,-0.07486584567376589,-0.023927424311730765,,Test
1.711449058616461,-0.20856596820364814,0.3908586297513874,0.15579823269134596,-0.016447202929378096,-0.3224806133325856,-0.21504347697160525,-0.2811226194407266,-0.31717784430961626,-0.3088213656157659,-0.1360782821758221,-0.20795192721996142,-0.06136353531771945,-0.265735353727688,-0.5505516919455627,0.23527552376444172,-0.023927424311730765,,Test
-0.09488245843843363,0.3894738988540871,-0.39647790101721353,-0.24493050612963665,-0.6235475829292975,-0.5790139187755572,-0.45768299649364935,-0.5433967385376208,-0.31717784430961626,-0.3088213656157659,0.9612698010340449,-0.20795192721996142,1.1878589035388825,0.23115832407977221,-0.5505516919455627,-0.08346529172518835,-0.004310827048128314,,Test
2.0539052050538724,4.625526302266527,4.73474379046177,1.9057894977749192,0.29441327432541486,0.7407156001590411,-0.31171748231709134,-0.43921069393072554,0.3875174063722205,-0.3088213656157659,-0.703615634917425,-0.509132795822547,-0.8941784945554541,-0.5141821926314181,-0.5505516919455627,-0.05055685650969742,-0.023927424311730765,,Test
0.28640317633572954,-0.04684676482492099,-0.39647790101721353,-0.24493050612963665,-0.010454960285055397,0.889611679552667,-0.3448152380564884,-0.4595777375376065,0.2506758132264219,-0.3088213656157659,-1.2334263653856892,-0.7902928907952793,-0.06136353531771945,-0.38176141879164505,-0.5505516919455627,-0.0771575739681315,-0.023927424311730765,,Test
-0.3234794679518207,2.3701138344197212,-0.39647790101721353,-0.24493050612963665,0.6895497794777644,1.5805991804317785,-0.2059070505585675,-0.07949847371737352,0.06833232930925709,-0.3088213656157659,-0.1360782821758221,-0.20795192721996142,-0.5278816743544209,-0.7626290315351482,-0.5505516919455627,-0.07486584567376589,-0.023927424311730765,,Test
3.8188358285138375,1.1850002825118737,1.1781951605199883,1.9008155776281073,0.38828638373723484,0.426824359554671,-0.030972125157225135,-0.3868544535938268,0.2613603381036351,-0.3088213656157659,-1.2334263653856892,-0.7902928907952793,-0.47777101493658675,-0.5141821926314181,-0.5505516919455627,-0.07486584567376589,-0.023927424311730765,,Test
0.20617279440404881,2.105432526604802,1.9655316912885894,3.2614459585539612,0.09597879336690328,0.002496038768754286,-0.3594717584729441,-0.6490109052225701,0.18495973728304968,-0.3088213656157659,4.253314050663646,-0.20795192721996142,-0.47777101493658675,-0.01728851482395788,-0.5505516919455627,-0.08346529172518835,-0.023927424311730765,,Test
-0.39593771128091604,-0.15165022621013596,-0.39647790101721353,-0.24493050612963665,-0.12376135173009947,-0.20376063858365304,-0.45768299649364935,-0.7222943457688125,3.014711806590882,-0.3088213656157659,-0.7274951649422112,-0.20795192721996142,-0.8941784945554541,0.7474065238202642,-0.5505516919455627,-0.07486584567376589,-0.01335503895686006,,Test
-0.6969929641233985,-0.4571914023726529,-0.39647790101721353,-0.24493050612963665,-0.6460327821885538,-0.5969121988966039,0.9172742739231476,1.171472500128347,-0.31717784430961626,-0.3088213656157659,0.9612698010340449,-0.20795192721996142,-0.06136353531771945,-0.265735353727688,-0.5505516919455627,-0.019835984983158472,-0.023927424311730765,,Test
1.1373267603021067,0.19938801038801174,1.535265263464754,4.691523607148749,1.6034050845145837,1.9252793242178226,-0.2817684601456718,-0.5822863717037667,0.6552323606577083,-0.3088213656157659,-0.9845936377492093,-0.6582422747710207,0.999011243353052,-0.3220727233763785,1.8163598707074318,-0.08151529641387475,-0.023927424311730765,,Test
-0.03317957619576192,-0.2527106267469763,-0.39647790101721353,-0.24493050612963665,1.618262411165275,1.0351074688837236,-0.39680606066065416,-0.6116341924485623,0.23142253697038956,-0.3088213656157659,-0.1360782821758221,1.3075774273309915,-0.8941784945554541,-0.5141821926314181,-0.5505516919455627,0.025197066287763442,-0.023927424311730765,,Test
-0.6969929641233985,-0.4571914023726529,-0.39647790101721353,-0.24493050612963665,-0.3537251918182222,0.36972557202035844,-0.3287807530365859,-0.5433967385376208,-0.31717784430961626,-0.3088213656157659,-0.1360782821758221,0.9567299999306743,1.1878589035388825,-0.5141821926314181,1.8163598707074318,-0.07486584567376589,-0.004310827048128314,,Test
2.3135595643014257,-0.00425375133070225,0.3908586297513874,5.52442651377529,1.8273391363296365,1.0910570840885039,-0.30553608990281944,-0.5428952010185975,2.1361549949167546,-0.3088213656157659,-0.1360782821758221,-0.20795192721996142,-0.06136353531771945,-0.7626290315351482,-0.5505516919455627,0.23527552376444172,-0.023927424311730765,,Test
-0.6969929641233985,-0.4571914023726529,-0.39647790101721353,-0.24493050612963665,-0.6460327821885538,-0.547842169601238,-0.45768299649364935,-0.5433967385376208,-0.31717784430961626,-0.3088213656157659,0.9612698010340449,-0.20795192721996142,-0.8941784945554541,-0.265735353727688,-0.5505516919455627,0.23527552376444172,-0.023927424311730765,,Test
0.20617279440404881,1.941379339098519,-0.39647790101721353,-0.24493050612963665,-0.6460327821885538,-0.5922090012005624,-0.45768299649364935,0.14255095281308014,-0.31717784430961626,-0.3088213656157659,-0.1360782821758221,0.9567299999306743,0.3550439443011479,-0.5141821926314181,-0.5505516919455627,-0.019835984983158472,-0.004310827048128314,,Test
-0.6969929641233985,-0.4571914023726529,3.540204752825791,-0.14545883337265514,-0.016447202929378096,-0.23210580786412444,-0.3049099756137203,-0.1258396933139846,-0.31717784430961626,-0.3088213656157659,-0.1360782821758221,-0.20795192721996142,-0.8941784945554541,-0.5141821926314181,-0.5505516919455627,-0.03141403490580411,-0.023927424311730765,,Test
-0.6969929641233985,-0.4571914023726529,-0.39647790101721353,-0.24493050612963665,-0.6460327821885538,-0.6065798830495779,-0.45768299649364935,0.485524808777646,-0.31717784430961626,-0.3088213656157659,-1.2334263653856892,-0.7902928907952793,1.1878589035388825,-0.265735353727688,-0.5505516919455627,-0.08346529172518835,-0.023927424311730765,,Test
0.07315182161114828,-0.2776916809173917,1.1781951605199883,-0.061516399105533116,-0.3882353019616442,-0.234272114438561,-0.1835995213731859,-0.2906965225025181,0.11137696127714525,-0.3088213656157659,0.4764076099817746,-0.20795192721996142,-0.6617602577554894,-0.04618336195037215,1.8163598707074318,0.08251874338485371,-0.01525984975106949,,Test
0.09674833480409681,0.0237688820463374,-0.39647790101721353,-0.24493050612963665,0.3638507673731149,0.18079846596264418,-0.45768299649364935,-0.7280031409410992,10.885439114345083,-0.3088213656157659,0.2627744860936265,-0.20795192721996142,-0.4401240012311362,-0.19789430615078318,0.9560592573854833,-0.07799148366928756,-0.023927424311730765,,Test
-0.1789025046670369,-0.36575865171427074,-0.39647790101721353,-0.24493050612963665,-0.44732533342452874,-0.3144819908684569,-0.37545511204581744,-0.45254837802685854,2.8350469559877887,-0.3088213656157659,-0.1360782821758221,1.1192527070365617,2.1368870009204617,-0.22530197440936842,-0.5505516919455627,-0.06570729798987716,-0.009785527766265699,,Test
-0.6812455471196035,-0.4520295338684197,1.9929873749330833,0.43885527237353283,0.9746082502608563,0.3901094042360796,-0.297673533090813,-0.5722453870802938,-0.3071788917045522,-0.3088213656157659,0.9804029421008582,-0.21810550745174972,-0.8941784945554541,-0.5055184541347979,-0.5505516919455627,-0.020945412812400824,-0.023927424311730765,,Test
-0.09488245843843363,-0.35258815871949706,-0.39647790101721353,-0.24493050612963665,-0.23271128331673435,-0.11947970506175772,-0.3264394168827647,-0.16194280160398988,1.0454155400595035,-0.3088213656157659,0.40262983225965376,5.02253930336105,1.1651684554767132,-0.6406619636820885,-0.5505516919455627,-0.025730159809012804,-0.023927424311730765,,Test
1.6715923927712901,3.3630347135430654,-0.39647790101721353,-0.24493050612963665,0.010999350681926659,0.10301634804929452,-0.45768299649364935,-0.8117730688375913,1.7085115037522227,-0.3088213656157659,-0.03922643531297343,-0.20795192721996142,-0.04298749125947399,-0.5141821926314181,-0.5505516919455627,-0.07524533885592986,-0.023927424311730765,,Test
0.8830644039366246,-0.046135510948744934,-0.39647790101721353,-0.24493050612963665,0.03439686340870419,-0.1704160647424563,-0.37609700469423907,-0.623426883391711,2.9998251834073506,-0.3088213656157659,-0.1360782821758221,-0.20795192721996142,-0.8941784945554541,-0.7009156793007946,-0.5505516919455627,-0.06407256323565537,-0.023927424311730765,,Test
-0.6969929641233985,-0.4571914023726529,-0.39647790101721353,-0.24493050612963665,-0.66851798144781,-0.6128508133109665,-0.45768299649364935,1.171472500128347,-0.31717784430961626,-0.3088213656157659,-1.2334263653856892,-0.20795192721996142,2.4370813423954845,-0.5141821926314181,-0.5505516919455627,-0.03141403490580411,-0.023927424311730765,,Test
-0.09488245843843363,-0.17137257976371503,-0.39647790101721353,-0.24493050612963665,-0.049643246412553285,-0.008159769215919044,-0.3979350753960679,-0.5559573856549407,0.5711042098302594,-0.3088213656157659,-1.2334263653856892,-0.7902928907952793,-0.47777101493658675,0.9764988407909625,1.8163598707074318,-0.05573553526629833,-0.011130244544037868,,Test
0.20617279440404881,-0.3270802536607733,1.1781951605199883,-0.1726951246990973,1.1977535570704607,0.060789244119023346,-0.4028674308975074,-0.5774138932349799,-0.31717784430961626,4.71859801389624,0.9612698010340449,-0.20795192721996142,-0.8941784945554541,-0.265735353727688,1.8163598707074318,-0.08346529172518835,-0.023927424311730765,,Test
0.20617279440404881,-0.25353916960623263,1.1781951605199883,5.176275659125855,-0.5111215866330161,-0.5389060939787593,-0.45768299649364935,-0.5923930154345194,-0.31717784430961626,-0.3088213656157659,6.44801021708338,-0.20795192721996142,-0.8941784945554541,-0.5141821926314181,-0.5505516919455627,-0.019835984983158472,-0.004310827048128314,,Test
0.8082833000890136,2.067247732961098,-0.39647790101721353,-0.24493050612963665,-0.3087547932997097,-0.19831619415709148,-0.45768299649364935,-0.8349245171364235,-0.31717784430961626,-0.3088213656157659,6.44801021708338,6.197798672108535,2.4370813423954845,3.9578609076357236,-0.5505516919455627,-0.019835984983158472,3.056009352148242,,Test
-0.4239670416381415,-0.28532572420667224,-0.39647790101721353,-0.24493050612963665,-0.3213155124149245,-0.043352188451439067,-0.45768299649364935,-0.6319766916249488,2.5878522903736094,-0.3088213656157659,-0.1360782821758221,0.9567299999306743,1.5267283053513898,-0.5141821926314181,-0.5505516919455627,-0.02576010303867947,-0.004310827048128314,,Test
1.0252131270796643,0.03861681538067859,-0.39647790101721353,-0.24493050612963665,-0.23039199710507413,0.00671203945617431,-0.4000512839268895,-0.4578993309318295,0.41406049549496227,-0.3088213656157659,-0.1360782821758221,-0.20795192721996142,-0.8941784945554541,-0.3351601384706182,-0.5505516919455627,-0.07726883334574743,-0.023927424311730765,,Test
-0.6969929641233985,-0.4571914023726529,-0.39647790101721353,-0.24493050612963665,-0.6910031807070663,-0.6243475187901789,3.667188794132383,3.229315594758881,-0.31717784430961626,-0.3088213656157659,-1.2334263653856892,-0.7902928907952793,-0.8941784945554541,-0.5141821926314181,1.8163598707074318,0.516803565771823,-0.023927424311730765,,Test
-0.6969929641233985,-0.4571914023726529,-0.39647790101721353,-0.24493050612963665,-0.6235475829292975,-0.6243475187901789,3.667188794132383,3.229315594758881,-0.31717784430961626,-0.3088213656157659,-1.2334263653856892,-0.20795192721996142,-0.8941784945554541,-0.7626290315351482,-0.5505516919455627,-0.03141403490580411,-0.023927424311730765,,Test
0.5153993527149908,0.06577743686099789,0.3855161160112654,-0.24493050612963665,0.3468251989663911,0.16083823857704974,-0.45694642974055183,-0.3613831993478076,0.12097645090662275,1.7021463861890365,-0.1360782821758221,-0.20795192721996142,-0.891352939542553,-0.5124963434441114,-0.5505516919455627,-0.08346529172518835,-0.023927424311730765,,Test
-0.6969929641233985,-0.4571914023726529,-0.39647790101721353,-0.24493050612963665,-0.10638799996640319,-0.4867702765381844,-0.45768299649364935,-0.09371991110673666,-0.31717784430961626,-0.3088213656157659,-0.1360782821758221,-0.20795192721996142,-0.8941784945554541,-0.265735353727688,-0.5505516919455627,0.3541154461684401,-0.023927424311730765,,Test
0.8759244000705715,0.05889356663813061,0.3908586297513874,-0.05063897781522828,1.8729639452946572,3.1664765154213756,-0.18176739865115144,-0.28627027392651117,-0.1443632509660859,-0.3088213656157659,0.2535505134325491,-0.20795192721996142,-0.6256223186830093,-0.7626290315351482,1.8163598707074318,0.12554602604265538,-0.023927424311730765,,Test
-0.6969929641233985,-0.4571914023726529,-0.39647790101721353,-0.24493050612963665,-0.3584704172434459,-0.31800071406207303,-0.45768299649364935,-0.618163814742989,4.334075154114622,-0.3088213656157659,-0.3259254153815453,-0.3087000527916073,-0.33368953803671125,-0.5141821926314181,1.8163598707074318,0.17282512949432316,-0.004310827048128314,,Test
-0.6969929641233985,-0.4571914023726529,-0.39647790101721353,-0.24493050612963665,0.9279311659593855,0.8309263638694003,-0.40117790403642584,-0.571159264354729,0.013287849493124169,-0.3088213656157659,-0.1360782821758221,-0.20795192721996142,0.7714514239200152,-0.5141821926314181,1.8163598707074318,-0.07486584567376589,-0.023927424311730765,,Test
-0.39593771128091604,-0.37120490409349766,-0.39647790101721353,-0.24493050612963665,-0.46615118811450357,-0.5189784711655437,-0.34310321536543337,0.14255095281308014,1.3788030229689836,-0.3088213656157659,-0.1360782821758221,-0.20795192721996142,0.7714514239200152,-0.5141821926314181,-0.5505516919455627,0.3541154461684401,-0.023927424311730765,,Test
-0.39593771128091604,-0.40344984094818087,-0.39647790101721353,-0.24493050612963665,-0.3312399925589659,-0.46025817695051074,-0.45768299649364935,-0.383342291627359,-0.31717784430961626,-0.3088213656157659,-1.2334263653856892,-0.7902928907952793,-0.8941784945554541,-0.265735353727688,-0.5505516919455627,-0.08346529172518835,-0.023927424311730765,,Test
-0.39593771128091604,0.06325319247486554,-0.39647790101721353,-0.24493050612963665,1.9172799333666615,6.252075899578858,-0.31544603250672165,-0.025979297078484193,-0.31717784430961626,-0.3088213656157659,-0.1360782821758221,2.12141192708131,0.3550439443011479,-0.01728851482395788,1.8163598707074318,-0.08346529172518835,-0.023927424311730765,,Test
0.07280786472679057,0.14934793722419526,-0.39647790101721353,-0.24493050612963665,-0.4866607339189243,-0.433305151317813,-0.4141762490495152,-0.35959238890504464,-0.057856836212947904,-0.3088213656157659,-1.2334263653856892,-0.7902928907952793,1.6042663831577497,-0.4858550486082116,1.8163598707074318,0.1833291481499887,-0.023927424311730765,,Test
0.8082833000890136,0.9485747043622204,-0.39647790101721353,-0.24493050612963665,-0.46615118811450357,-0.3857037838254716,-0.45768299649364935,-0.8128761894460544,-0.31717784430961626,-0.3088213656157659,0.9612698010340449,-0.20795192721996142,0.3550439443011479,-0.5141821926314181,-0.5505516919455627,-0.03141403490580411,-0.004310827048128314,,Test
-0.67229711312935,-0.4521641976856837,-0.37494924422033216,-0.22132549575213534,-0.5080474492156308,-0.5338298584002888,-0.45768299649364935,-0.37562501409955823,0.635446750505682,4.71859801389624,-0.1360782821758221,-0.20795192721996142,-0.48346406572620115,-0.024081958946012005,1.8163598707074318,-0.08346529172518835,-0.023927424311730765,,Test
-0.39593771128091604,-0.43173487327685034,-0.39647790101721353,-0.24493050612963665,0.1634343911446721,-0.14967293652193392,-0.45768299649364935,-0.6291402076733701,1.4951160690564798,-0.3088213656157659,-0.1360782821758221,-0.20795192721996142,-0.06136353531771945,-0.5141821926314181,-0.5505516919455627,-0.08346529172518835,-0.023927424311730765,,Test
-0.3972313171846114,-0.2459651956920379,-0.39647790101721353,-0.24493050612963665,-0.30836832621457616,-0.2240918030576846,-0.3590497540863298,-0.4775771581672971,0.6923411945365582,-0.3088213656157659,-1.2334263653856892,-0.7902928907952793,-0.8941784945554541,-0.3894249969133597,1.8163598707074318,-0.05323329444721121,-0.014161271010049204,,Test
1.4103938057739784,0.4451011289119035,-0.39647790101721353,-0.24493050612963665,-0.39869559033673474,-0.4942257158663656,-0.21504347697160525,-0.039023429416142535,-0.31717784430961626,-0.3088213656157659,-1.2334263653856892,-0.7902928907952793,-0.06136353531771945,-0.5141821926314181,1.8163598707074318,-0.03141403490580411,-0.023927424311730765,,Test
-0.26963309752048165,-0.2956038586461711,-0.39647790101721353,-0.24493050612963665,0.21279831766956617,0.2514504285659694,-0.3855768641796653,-0.5413991633047449,1.9893977018382865,-0.3088213656157659,-0.1360782821758221,1.2947558426542605,1.4295669371801862,0.8479927277336858,-0.5505516919455627,-0.07847365421330631,-0.023927424311730765,,Test
-0.6969929641233985,-0.4571914023726529,-0.39647790101721353,-0.24493050612963665,-0.5781678345429344,-0.5872562858788343,0.22800766342173506,0.481956841239574,-0.31717784430961626,-0.3088213656157659,-0.1360782821758221,-0.20795192721996142,1.5815239100150484,-0.2702584037349619,-0.5505516919455627,-0.07386401038016659,-0.02357029821269351,,Test
-0.6969929641233985,-0.4571914023726529,-0.39647790101721353,-0.24493050612963665,-0.6235475829292975,-0.6243475187901789,3.667188794132383,3.229315594758881,-0.31717784430961626,2.7076302620914374,0.9612698010340449,-0.20795192721996142,0.3550439443011479,-0.265735353727688,-0.5505516919455627,-0.08346529172518835,-0.023927424311730765,,Test
-0.6969929641233985,-0.4571914023726529,-0.39647790101721353,-0.24493050612963665,-0.5336067858922724,-0.3413717907450187,0.5735349511628588,0.8284986441637809,-0.31717784430961626,-0.3088213656157659,-0.1360782821758221,-0.20795192721996142,0.3550439443011479,-0.7626290315351482,-0.5505516919455627,-0.08346529172518835,-0.023927424311730765,,Test
-0.6969929641233985,-0.4571914023726529,-0.39647790101721353,-0.24493050612963665,-0.6910031807070663,-0.6243475187901789,3.667188794132383,3.229315594758881,-0.31717784430961626,-0.3088213656157659,6.44801021708338,6.197798672108535,2.4370813423954845,3.9578609076357236,-0.5505516919455627,-0.019835984983158472,3.056009352148242,,Test
-0.6969929641233985,-0.4571914023726529,-0.39647790101721353,-0.24493050612963665,-0.44366598885524733,-0.5082016784093116,-0.2701888260674078,-0.6369350703746592,-0.31717784430961626,-0.3088213656157659,0.9612698010340449,-0.20795192721996142,0.7714514239200152,-0.5141821926314181,-0.5505516919455627,0.22644050227865944,-0.023927424311730765,,Test
-0.09488245843843363,-0.1824112464590933,-0.39647790101721353,-0.24493050612963665,-0.1397376639061277,-0.09391819377290912,-0.45768299649364935,-0.6493913932448099,0.5004454296400995,-0.3088213656157659,-0.1360782821758221,-0.20795192721996142,-0.06136353531771945,-0.5141821926314181,-0.5505516919455627,-0.019835984983158472,-0.023927424311730765,,Test
-0.6969929641233985,-0.4571914023726529,-0.39647790101721353,-0.24493050612963665,-0.2862695940404534,-0.10734415725756093,-0.45768299649364935,-0.6577213640519531,1.0351179251148224,-0.3088213656157659,0.9612698010340449,-0.20795192721996142,-0.8941784945554541,-0.5141821926314181,1.8163598707074318,-0.08346529172518835,-0.004310827048128314,,Test
-0.6716516688568752,-0.44850115490411807,0.35772164358033637,-0.24493050612963665,1.1284052699335945,0.7931892928242734,-0.36012085389723675,-0.44798167601659944,-0.29428712747024266,-0.3088213656157659,1.007454382641934,-0.20795192721996142,-0.06136353531771945,-0.5141821926314181,-0.5505516919455627,-0.07486584567376589,-0.023927424311730765,,Test
-0.6969929641233985,-0.4571914023726529,-0.39647790101721353,-0.24493050612963665,-0.578577184410785,-0.47515163632130863,-0.45768299649364935,-0.06323335664997329,0.6613790978034231,-0.3088213656157659,-1.2334263653856892,-0.7902928907952793,-0.8941784945554541,0.9764988407909625,-0.5505516919455627,-0.07486584567376589,-0.004310827048128314,,Test
-0.6969929641233985,-0.4571914023726529,-0.39647790101721353,-0.24493050612963665,0.4332567822557474,0.8320324864646987,-0.3768031497781817,-0.6442714044776028,-0.31717784430961626,-0.3088213656157659,-0.1360782821758221,-0.20795192721996142,-0.8941784945554541,-0.265735353727688,-0.5505516919455627,-0.07486584567376589,-0.023927424311730765,,Test
2.614614817143908,0.4634863999255387,1.9655316912885894,0.23466505894866702,1.0853275607741795,0.6576278374653969,-0.3747114272931552,-0.5205086256587641,-0.08614854900037483,-0.3088213656157659,-0.1360782821758221,-0.20795192721996142,-0.06136353531771945,-0.5141821926314181,-0.5505516919455627,-0.07486584567376589,-0.023927424311730765,,Test
-0.5860862985024518,-0.4353093822279688,-0.39647790101721353,-0.24493050612963665,0.8214235862329949,0.6095070840467383,-0.45768299649364935,-0.8249424347451445,4.788654200761687,-0.3088213656157659,-0.1360782821758221,-0.20795192721996142,-0.32436938959336653,-0.5141821926314181,-0.5505516919455627,-0.0668621729227237,-0.02031411517197386,,Test
-0.39593771128091604,-0.12612718898947875,-0.39647790101721353,-0.24493050612963665,-0.5403376578091464,-0.4414666098488045,-0.45768299649364935,-0.349909507601341,1.5979539387963964,-0.3088213656157659,-0.1360782821758221,0.9567299999306743,-0.7695282578274372,0.9764988407909625,-0.5505516919455627,-0.03141403490580411,-0.004310827048128314,,Test
-0.6969929641233985,-0.4571914023726529,-0.39647790101721353,-0.24493050612963665,0.7705347711445916,0.011290758216745843,-0.45768299649364935,-0.8863705945021868,3.0679111255748897,-0.3088213656157659,-0.1360782821758221,-0.20795192721996142,0.3550439443011479,-0.5141821926314181,-0.5505516919455627,0.22644050227865944,-0.004310827048128314,,Test
1.321056818123343,0.2004768100891906,-0.39647790101721353,-0.24493050612963665,-0.21287323425140814,-0.24024478335938554,-0.45768299649364935,-0.46080030900314456,0.045598234004264215,-0.3088213656157659,-0.5219354135415886,-0.41271868912533094,0.06220378168839519,-0.3530959515389769,1.8163598707074318,-0.07486584567376589,-0.023927424311730765,,Test
1.3947200704246538,0.2275993403381168,0.34986780066733475,-0.05297707504919763,-0.3375792994370456,-0.05834025941409393,-0.2518872018849797,-0.5046939189027246,-0.31717784430961626,-0.3088213656157659,-1.2334263653856892,-0.7902928907952793,-0.06136353531771945,-0.5141821926314181,-0.5505516919455627,-0.022700985559069603,-0.004310827048128314,,Test
1.771315938069508,0.2653529991997303,2.7528682220571903,1.1195575636989148,1.0545423285451723,0.4276902118416293,-0.37785305386250556,-0.62513380722235,0.8477326184921166,-0.3088213656157659,-1.2334263653856892,-0.4412211833392947,-0.8941784945554541,-0.5141821926314181,-0.5505516919455627,-0.07486584567376589,-0.023927424311730765,,Test
1.109338552931496,0.3263039931314917,-0.39647790101721353,-0.24493050612963665,-0.10638799996640319,-0.33870291266494823,-0.18760210740497904,-0.17225004342130848,-0.31717784430961626,-0.3088213656157659,-1.2334263653856892,3.2860938542319458,-0.8941784945554541,-0.5141821926314181,-0.5505516919455627,-0.019835984983158472,-0.023927424311730765,,Test
-0.39593771128091604,-0.2549534212226661,-0.39647790101721353,-0.24493050612963665,-0.5560919851515287,-0.011364085739444089,-0.45768299649364935,-0.29841541578842107,3.81801439042522,-0.3088213656157659,-0.1360782821758221,0.9567299999306743,2.4370813423954845,-0.5141821926314181,-0.5505516919455627,-0.07486584567376589,-0.023927424311730765,,Test
1.711449058616461,1.177683466224443,-0.39647790101721353,-0.24493050612963665,2.4119543170702995,2.0444741375401296,-0.13915276580869448,0.019183794329184232,0.13009948480651232,-0.3088213656157659,-0.1360782821758221,-0.20795192721996142,-0.47777101493658675,-0.7626290315351482,-0.5505516919455627,0.23527552376444172,-0.023927424311730765,,Test
1.1941539966776136,-0.06584886065775877,-0.17466381006824316,-0.210234282860371,-0.08675636747023965,-0.14091008354990237,-0.45768299649364935,-0.6036403743010955,2.4034441143463847,-0.3088213656157659,-0.1360782821758221,0.28423188393271914,0.12041734450183766,-0.3741937440660288,1.8163598707074318,-0.08346529172518835,-0.023927424311730765,,Test
-0.10776329105408267,0.11093349289001564,-0.39647790101721353,-0.24493050612963665,-0.4331653898510858,-0.3287813111909248,-0.45768299649364935,-0.36279038945441794,1.2877719060004444,-0.3088213656157659,-0.1360782821758221,1.328346766771493,-0.4955872629317058,1.1350434337015807,-0.5505516919455627,-0.03141403490580411,-0.010569923443101006,,Test
-0.09488245843843363,0.2652482263663185,-0.39647790101721353,-0.24493050612963665,-0.3249436727709344,-0.26418265713623085,-0.45768299649364935,-0.5543724944935876,2.1147910136549393,-0.3088213656157659,0.9612698010340449,-0.20795192721996142,1.387735274920996,-0.5141821926314181,-0.5505516919455627,-0.05639873582534451,-0.014511420825189403,,Test
0.9602846037802213,2.064531026468498,-0.39647790101721353,-0.24493050612963665,-0.2917257949569116,-0.29795278538980696,-0.38426494190908467,-0.6458514181762505,1.769037950199959,-0.3088213656157659,-0.1360782821758221,-0.20795192721996142,-0.16648457069449565,-0.39117493020000205,-0.5505516919455627,-0.07703675449946629,-0.023927424311730765,,Test
1.711449058616461,0.5780407808566501,2.7528682220571903,3.815645278200001,-0.39869559033673474,-0.45001565752357603,-0.45768299649364935,-0.6805862850391334,0.5140211528494066,-0.3088213656157659,-1.2334263653856892,-0.7902928907952793,-0.8941784945554541,-0.5141821926314181,1.8163598707074318,-0.03141403490580411,-0.023927424311730765,,Test
-0.6969929641233985,-0.4571914023726529,-0.39647790101721353,-0.24493050612963665,-0.03893240218863437,0.25477158166627883,-0.45768299649364935,-0.5923930154345194,1.8981425862751518,-0.3088213656157659,-0.1360782821758221,-0.20795192721996142,0.3550439443011479,-0.5141821926314181,-0.5505516919455627,-0.019835984983158472,-0.023927424311730765,,Test
-0.09488245843843363,0.3800455545559637,-0.39647790101721353,-0.24493050612963665,-0.5111215866330161,-0.4066068846967669,-0.45768299649364935,-0.7928322626651485,-0.31717784430961626,-0.3088213656157659,0.9612698010340449,-0.20795192721996142,1.1878589035388825,-0.5141821926314181,1.8163598707074318,-0.03141403490580411,-0.004310827048128314,,Test
-0.09488245843843363,-0.14888454999015557,2.7528682220571903,-0.03532948139171135,-0.46615118811450357,-0.07263630016842845,-0.45768299649364935,-0.33761242907456745,-0.31717784430961626,-0.3088213656157659,-0.1360782821758221,-0.20795192721996142,-0.8941784945554541,-0.5141821926314181,-0.5505516919455627,-0.019835984983158472,-0.004310827048128314,,Test
0.20617279440404881,0.13679427652940618,-0.39647790101721353,-0.24493050612963665,0.051008394848390724,-0.3088637361711742,-0.45768299649364935,-0.8099364165363582,0.47759575622808914,-0.3088213656157659,-1.2334263653856892,-0.7902928907952793,-0.8941784945554541,-0.265735353727688,-0.5505516919455627,-0.08346529172518835,-0.023927424311730765,,Test
0.13641809417314615,1.11877099959539,0.20843223736640562,1.1296100949139793,0.40007964876048485,0.6932760140352473,-0.45768299649364935,-0.6831334373091701,2.5508825820214525,-0.3088213656157659,-0.1360782821758221,-0.20795192721996142,2.2441175682014007,-0.13241910701536933,-0.5505516919455627,0.16388080239340624,-0.023927424311730765,,Test
-0.39593771128091604,-0.0238647070974365,1.1781951605199883,-0.08009173413235303,0.320830785959466,1.7786903764504627,-0.3699197699775745,0.07687511681068694,0.2604113107308201,-0.3088213656157659,-0.1360782821758221,-0.20795192721996142,-0.8941784945554541,-0.7626290315351482,-0.5505516919455627,0.2358810664611915,-0.023927424311730765,,Test
3.4230741486363017,1.5575840203189442,2.460894778291645,1.9909855921630828,3.7206394768902893,3.58502406464007,-0.4442645955194554,-0.7151481928709335,-0.11249973425972673,-0.3088213656157659,-0.1360782821758221,-0.20795192721996142,-0.3467769060046668,-0.059217914183437026,1.8163598707074318,-0.07486584567376589,-0.023927424311730765,,Test
1.711449058616461,5.427509573607032,-0.39647790101721353,-0.24493050612963665,3.940947866699726,2.072388365242302,-0.41031604187958404,-0.6104695824816657,-0.31717784430961626,-0.3088213656157659,-0.1360782821758221,-0.20795192721996142,-0.8941784945554541,-0.5141821926314181,-0.5505516919455627,-0.07486584567376589,-0.023927424311730765,,Test
-0.39593771128091604,-0.4571914023726529,1.1781951605199883,-0.16677419182057976,0.41077158299649114,0.3161178280850415,0.705742371888315,0.8219030101043188,-0.31717784430961626,-0.3088213656157659,-1.2334263653856892,-0.7902928907952793,-0.8941784945554541,-0.265735353727688,-0.5505516919455627,-0.019835984983158472,-0.023927424311730765,,Test
-0.6969929641233985,-0.4571914023726529,-0.39647790101721353,-0.24493050612963665,0.3391312097105959,0.3487105384775151,-0.3366841621778604,-0.5722042365255504,0.4063816430702538,-0.3088213656157659,0.9612698010340449,-0.20795192721996142,-0.2970065026591456,-0.6923316026807751,1.8163598707074318,-0.07486584567376589,-0.023927424311730765,,Test
-0.6969929641233985,-0.4571914023726529,-0.39647790101721353,-0.24493050612963665,-0.46615118811450357,-0.5200933031945936,2.1672354100980913,2.0444968345746934,-0.31717784430961626,-0.3088213656157659,0.9612698010340449,-0.20795192721996142,-0.8941784945554541,-0.7626290315351482,-0.5505516919455627,0.2358810664611915,-0.023927424311730765,,Test
-0.39593771128091604,-0.38893019100060716,-0.39647790101721353,-0.24493050612963665,0.2983455867002097,-0.3153662114918734,-0.45768299649364935,-0.6182618111437937,-0.31717784430961626,-0.3088213656157659,-0.1360782821758221,-0.20795192721996142,-0.8941784945554541,-0.5141821926314181,-0.5505516919455627,0.22644050227865944,-0.023927424311730765,,Test
-0.6969929641233985,-0.4571914023726529,-0.39647790101721353,-0.24493050612963665,-0.6460327821885538,-0.6144185458763136,0.9172742739231476,1.8574201914790478,-0.31717784430961626,-0.3088213656157659,-0.1360782821758221,1.5390709635059923,-0.06136353531771945,1.4733925185984227,-0.5505516919455627,-0.07486584567376589,-0.023927424311730765,,Test
1.4103938057739784,0.7930070265545381,-0.39647790101721353,-0.24493050612963665,-0.10638799996640319,0.29203571360785174,-0.45768299649364935,-0.6161487766973652,-0.31717784430961626,0.6966625102866353,-1.2334263653856892,-0.7902928907952793,-0.8941784945554541,-0.265735353727688,-0.5505516919455627,-0.08346529172518835,-0.023927424311730765,,Test
2.194403544968004,2.02226232515393,1.65390820690694,0.9595346990766767,0.41967110164748644,0.23767238316822534,-0.273845212727997,-0.6188653788107532,0.25254505834554686,-0.3088213656157659,0.9612698010340449,-0.20795192721996142,0.19023214572406735,-0.21395630959071954,1.8163598707074318,0.11252326927310863,-0.023927424311730765,,Test
0.7637716029196157,-0.08928605279532564,-0.39647790101721353,-0.24493050612963665,2.934190450331948,1.6633364198369982,-0.4288595516032251,-0.6901960099654825,-0.008897201978176672,-0.3088213656157659,-0.1360782821758221,-0.20795192721996142,-0.8941784945554541,-0.5141821926314181,-0.5505516919455627,-0.06672955683240797,-0.023927424311730765,,Test
1.468362936309246,0.04748089852653736,-0.39647790101721353,-0.24493050612963665,-0.019333599891761873,-0.35879194494701816,-0.24323191702020683,-0.45646678943874064,1.1838520610750543,-0.3088213656157659,-0.1360782821758221,-0.20795192721996142,0.7714514239200152,-0.4822893820382289,1.8163598707074318,-0.03475491233898675,-0.023927424311730765,,Test
-0.39593771128091604,-0.4458773894411851,-0.39647790101721353,-0.24493050612963665,-0.17384359774417202,-0.12358760854221075,0.057925977334604695,-0.16612551138149992,0.9937108575473561,-0.3088213656157659,-0.1360782821758221,-0.20795192721996142,-0.8941784945554541,0.4796051629835023,-0.5505516919455627,-0.08346529172518835,-0.023927424311730765,,Test
